Sl. No,State,Two Wheelers (Category L1 & L2 as per Central Motor Vehicles Rules,Two Wheelers (Category L2 (CMVR)),Two Wheelers (Max power not exceeding 250 Watts),Three Wheelers (Category L5 slow speed as per CMVR),Three Wheelers (Category L5 as per CMVR),Passenger Cars (Category M1 as per CMVR),Buses,Total in state,Segment,Segment_Name
1,Andhra Pradesh,431.0,692.0,4689.0,0,0.0,3680.0,0.0,9492.0,0,Segment 0
2,Assam,463.0,138.0,1006.0,0,117.0,151.0,0.0,1875.0,0,Segment 0
3,Bihar,252.0,430.0,2148.0,6,64.0,271.0,0.0,3171.0,0,Segment 0
4,Chhattisgarh,613.0,382.0,2078.0,58,106.0,997.0,0.0,4234.0,0,Segment 0
5,Delhi,1395.0,251.0,5018.0,0,1.0,12695.0,21.0,19381.0,2,Segment 2
6,Goa,0.0,0.0,0.0,0,0.0,513.0,1.0,514.0,0,Segment 0
7,Gujarat,7182.0,217.0,8476.0,0,4.0,15388.0,0.0,31267.0,0,Segment 0
8,Haryana,3162.0,1504.0,13908.0,113,24.0,4878.0,0.0,23589.0,0,Segment 0
9,Himachal Pradesh,0.0,0.0,0.0,0,0.0,98.0,0.0,98.0,0,Segment 0
10,Jammu & Kashmir,2.0,76.0,152.0,0,0.0,208.0,0.0,438.0,0,Segment 0
11,Jharkhand,75.0,228.0,736.0,9,7.0,655.0,0.0,1710.0,0,Segment 0
12,Karnataka,784.0,1104.0,3252.0,2,0.0,8242.0,2.0,13386.0,0,Segment 0
13,Kerala,432.0,78.0,4961.0,1,0.0,5729.0,1.0,11202.0,0,Segment 0
14,Madhya Pradesh,503.0,378.0,2904.0,8,106.0,2562.0,0.0,6461.0,0,Segment 0
15,Maharashtra,2630.0,2097.0,10146.0,6,3.0,19129.0,2.0,34013.0,0,Segment 0
16,Manipur,16.0,8.0,11.0,0,5.0,12.0,0.0,52.0,0,Segment 0
17,Meghalaya,0.0,0.0,0.0,0,0.0,6.0,0.0,6.0,0,Segment 0
18,Nagaland,0.0,20.0,3.0,0,0.0,1.0,0.0,24.0,0,Segment 0
19,Odisha,377.0,824.0,2031.0,0,37.0,594.0,0.0,3863.0,0,Segment 0
20,Punjab,698.0,300.0,1968.0,0,5.0,3567.0,0.0,6538.0,0,Segment 0
21,Rajasthan,2036.0,1153.0,8375.0,19,64.0,4116.0,0.0,15763.0,0,Segment 0
22,Tamil Nadu,491.0,863.0,8260.0,0,0.0,7132.0,0.0,16746.0,0,Segment 0
23,Telangana,535.0,711.0,2256.0,2,0.0,5530.0,0.0,9034.0,0,Segment 0
24,Tripura,28.0,9.0,36.0,0,0.0,8.0,0.0,81.0,0,Segment 0
25,Uttar Pradesh,2954.0,2355.0,15199.0,117,139.0,5445.0,0.0,26209.0,0,Segment 0
26,Uttarkhand,423.0,168.0,3239.0,45,38.0,265.0,0.0,4178.0,0,Segment 0
27,West Bengal,1451.0,65.0,10781.0,3,0.0,1840.0,0.0,14140.0,0,Segment 0
28,Andaman & Nicobar islands,0.0,0.0,0.0,0,0.0,82.0,0.0,82.0,0,Segment 0
29,Chandigarh,612.0,18.0,896.0,0,0.0,974.0,0.0,2500.0,0,Segment 0
30,Dadra and Nagar Haveli,4.0,0.0,9.0,0,0.0,803.0,0.0,816.0,0,Segment 0
31,Total,27549.0,14069.0,112538.0,389,720.0,105571.0,27.0,260863.0,1,Segment 1
,,1777.3548387096773,907.6774193548387,7260.5161290322585,,46.45161290322581,6811.032258064516,1.7419354838709677,16829.870967741936,0,Segment 0
Source,Electric Vehicles Sales report in india - 2018,1777.3548387096773,907.6774193548387,7260.5161290322585,https://electricvehicles.in/electric-vehicles-sales-report-in-india-2018/,46.45161290322581,6811.032258064516,1.7419354838709677,16829.870967741936,0,Segment 0
Additional,"Sales of electric vehicles across India from financial year 2020 to 2021, by type",1777.3548387096773,907.6774193548387,7260.5161290322585,https://www.statista.com/statistics/1234761/india-electric-vehicle-sales-by-type/,46.45161290322581,6811.032258064516,1.7419354838709677,16829.870967741936,0,Segment 0
Additional,Reasons for preferring an electric car over a conventional car across India in 2019,1777.3548387096773,907.6774193548387,7260.5161290322585,statista.com/statistics/1027483/india-electric-car-over-conventional-car/,46.45161290322581,6811.032258064516,1.7419354838709677,16829.870967741936,0,Segment 0
