Brand,Model,Accel,TopSpeed,Range,Efficiency,FastCharge,RapidCharge,PowerTrain,PlugType,BodyStyle,Segment,Seats,PriceEuro,Segment_Name
Tesla ,Model 3 Long Range Dual Motor,4.6,233.0,450.0,161 Wh/km,940 km/h,Rapid charging possible,All Wheel Drive,Type 2 CCS,Sedan,1,5,55480,Performance
Volkswagen ,ID.3 Pure,10.0,160.0,270.0,167 Wh/km,250 km/h,Rapid charging possible,Rear Wheel Drive,Type 2 CCS,Hatchback,2,5,30000,Versatile
Polestar ,2,4.7,210.0,400.0,181 Wh/km,620 km/h,Rapid charging possible,All Wheel Drive,Type 2 CCS,Liftback,0,5,56440,Economic
BMW ,iX3 ,6.8,180.0,360.0,206 Wh/km,560 km/h,Rapid charging possible,Rear Wheel Drive,Type 2 CCS,SUV,0,5,68040,Economic
Honda ,e ,9.5,145.0,170.0,168 Wh/km,190 km/h,Rapid charging possible,Rear Wheel Drive,Type 2 CCS,Hatchback,2,4,32997,Versatile
Lucid ,Air ,2.8,250.0,610.0,180 Wh/km,620 km/h,Rapid charging possible,All Wheel Drive,Type 2 CCS,Sedan,1,5,105000,Performance
Volkswagen ,e-Golf ,9.6,150.0,190.0,168 Wh/km,220 km/h,Rapid charging possible,Front Wheel Drive,Type 2 CCS,Hatchback,2,5,31900,Versatile
Peugeot ,e-208 ,8.1,150.0,275.0,164 Wh/km,420 km/h,Rapid charging possible,Front Wheel Drive,Type 2 CCS,Hatchback,2,5,29682,Versatile
Tesla ,Model 3 Standard Range Plus,5.6,225.0,310.0,153 Wh/km,650 km/h,Rapid charging possible,Rear Wheel Drive,Type 2 CCS,Sedan,0,5,46380,Economic
Audi ,Q4 e-tron ,6.3,180.0,400.0,193 Wh/km,540 km/h,Rapid charging possible,All Wheel Drive,Type 2 CCS,SUV,0,5,55000,Economic
Mercedes ,EQC 400 4MATIC,5.1,180.0,370.0,216 Wh/km,440 km/h,Rapid charging possible,All Wheel Drive,Type 2 CCS,SUV,0,5,69484,Economic
Nissan ,Leaf ,7.9,144.0,220.0,164 Wh/km,230 km/h,Rapid charging possible,Front Wheel Drive,Type 2 CHAdeMO,Hatchback,2,5,29234,Versatile
Hyundai ,Kona Electric 64 kWh,7.9,167.0,400.0,160 Wh/km,380 km/h,Rapid charging possible,Front Wheel Drive,Type 2 CCS,SUV,0,5,40795,Economic
BMW ,i4 ,4.0,200.0,450.0,178 Wh/km,650 km/h,Rapid charging possible,Rear Wheel Drive,Type 2 CCS,Sedan,0,5,65000,Economic
Hyundai ,IONIQ Electric,9.7,165.0,250.0,153 Wh/km,210 km/h,Rapid charging possible,Front Wheel Drive,Type 2 CCS,Liftback,2,5,34459,Versatile
Volkswagen ,ID.3 Pro S,7.9,160.0,440.0,175 Wh/km,590 km/h,Rapid charging possible,Rear Wheel Drive,Type 2 CCS,Hatchback,0,4,40936,Economic
Porsche ,Taycan Turbo S,2.8,260.0,375.0,223 Wh/km,780 km/h,Rapid charging possible,All Wheel Drive,Type 2 CCS,Sedan,1,4,180781,Performance
Volkswagen ,e-Up! ,11.9,130.0,195.0,166 Wh/km,170 km/h,Rapid charging possible,Front Wheel Drive,Type 2 CCS,Hatchback,2,4,21421,Versatile
MG ,ZS EV,8.2,140.0,220.0,193 Wh/km,260 km/h,Rapid charging possible,Front Wheel Drive,Type 2 CCS,SUV,2,5,30000,Versatile
Mini ,Cooper SE ,7.3,150.0,185.0,156 Wh/km,260 km/h,Rapid charging possible,Front Wheel Drive,Type 2 CCS,Hatchback,2,4,31681,Versatile
Opel ,Corsa-e ,8.1,150.0,275.0,164 Wh/km,420 km/h,Rapid charging possible,Front Wheel Drive,Type 2 CCS,Hatchback,2,5,29146,Versatile
Tesla ,Model Y Long Range Dual Motor,5.1,217.0,425.0,171 Wh/km,930 km/h,Rapid charging possible,All Wheel Drive,Type 2 CCS,SUV,0,7,58620,Economic
Skoda ,Enyaq iV 50,10.0,160.0,290.0,179 Wh/km,230 km/h,Rapid charging possible,Rear Wheel Drive,Type 2 CCS,SUV,2,5,35000,Versatile
Audi ,e-tron GT ,3.5,240.0,425.0,197 Wh/km,850 km/h,Rapid charging possible,All Wheel Drive,Type 2 CCS,Sedan,1,4,125000,Performance
Tesla ,Model 3 Long Range Performance,3.4,261.0,435.0,167 Wh/km,910 km/h,Rapid charging possible,All Wheel Drive,Type 2 CCS,Sedan,1,5,61480,Performance
Volkswagen ,ID.4 ,7.5,160.0,420.0,183 Wh/km,560 km/h,Rapid charging possible,Rear Wheel Drive,Type 2 CCS,SUV,0,5,45000,Economic
Volkswagen ,ID.3 Pro,9.0,160.0,350.0,166 Wh/km,490 km/h,Rapid charging possible,Rear Wheel Drive,Type 2 CCS,Hatchback,0,5,33000,Economic
Volvo ,XC40 P8 AWD Recharge,4.9,180.0,375.0,200 Wh/km,470 km/h,Rapid charging possible,All Wheel Drive,Type 2 CCS,SUV,0,5,60437,Economic
BMW ,i3 120 Ah,7.3,150.0,235.0,161 Wh/km,270 km/h,Rapid charging possible,Rear Wheel Drive,Type 2 CCS,Hatchback,2,4,38017,Versatile
Peugeot ,e-2008 SUV ,8.5,150.0,250.0,180 Wh/km,380 km/h,Rapid charging possible,Front Wheel Drive,Type 2 CCS,SUV,2,5,34361,Versatile
Audi ,e-tron 50 quattro,6.8,190.0,280.0,231 Wh/km,450 km/h,Rapid charging possible,All Wheel Drive,Type 2 CCS,SUV,0,5,67358,Economic
Kia ,e-Niro 64 kWh,7.8,167.0,370.0,173 Wh/km,350 km/h,Rapid charging possible,Front Wheel Drive,Type 2 CCS,SUV,0,5,38105,Economic
Renault ,Zoe ZE50 R110,11.4,135.0,315.0,165 Wh/km,230 km/h,Rapid charging possible,Front Wheel Drive,Type 2 CCS,Hatchback,2,5,31184,Versatile
Tesla ,Cybertruck Tri Motor,3.0,210.0,750.0,267 Wh/km,710 km/h,Rapid charging possible,All Wheel Drive,Type 2 CCS,Pickup,1,6,75000,Performance
Mazda ,MX-30 ,9.0,150.0,180.0,178 Wh/km,240 km/h,Rapid charging possible,Front Wheel Drive,Type 2 CCS,SUV,2,5,32646,Versatile
Nissan ,Leaf e+,7.3,157.0,325.0,172 Wh/km,390 km/h,Rapid charging possible,Front Wheel Drive,Type 2 CHAdeMO,Hatchback,0,5,37237,Economic
Lexus ,UX 300e,7.5,160.0,270.0,193 Wh/km,190 km/h,Rapid charging possible,Front Wheel Drive,Type 2 CHAdeMO,SUV,2,5,50000,Versatile
CUPRA ,el-Born ,6.5,160.0,425.0,181 Wh/km,570 km/h,Rapid charging possible,Rear Wheel Drive,Type 2 CCS,Hatchback,0,4,45000,Economic
Renault ,Zoe ZE50 R135,9.5,140.0,310.0,168 Wh/km,230 km/h,Rapid charging possible,Front Wheel Drive,Type 2 CCS,Hatchback,2,5,33133,Versatile
Mercedes ,EQA ,5.0,200.0,350.0,171 Wh/km,440 km/h,Rapid charging possible,All Wheel Drive,Type 2 CCS,SUV,0,5,45000,Economic
Tesla ,Model S Long Range,3.8,250.0,515.0,184 Wh/km,560 km/h,Rapid charging possible,All Wheel Drive,Type 2,Liftback,1,5,79990,Performance
Hyundai ,Kona Electric 39 kWh,9.9,155.0,255.0,154 Wh/km,210 km/h,Rapid charging possible,Front Wheel Drive,Type 2 CCS,SUV,2,5,33971,Versatile
Audi ,e-tron Sportback 55 quattro,5.7,200.0,380.0,228 Wh/km,610 km/h,Rapid charging possible,All Wheel Drive,Type 2 CCS,SUV,0,5,81639,Economic
Skoda ,CITIGOe iV ,12.3,130.0,195.0,166 Wh/km,170 km/h,Rapid charging possible,Front Wheel Drive,Type 2 CCS,Hatchback,2,4,24534,Versatile
SEAT ,Mii Electric ,12.3,130.0,195.0,166 Wh/km,170 km/h,Rapid charging possible,Front Wheel Drive,Type 2 CCS,Hatchback,2,4,20129,Versatile
Kia ,e-Soul 64 kWh,7.9,167.0,365.0,175 Wh/km,340 km/h,Rapid charging possible,Front Wheel Drive,Type 2 CCS,SUV,0,5,36837,Economic
Opel ,Ampera-e ,7.3,150.0,335.0,173 Wh/km,210 km/h,Rapid charging possible,Front Wheel Drive,Type 2 CCS,MPV,0,5,41906,Economic
Porsche ,Taycan 4S,4.0,250.0,365.0,195 Wh/km,730 km/h,Rapid charging possible,All Wheel Drive,Type 2 CCS,Sedan,1,4,102945,Performance
Lightyear ,One ,10.0,150.0,575.0,104 Wh/km,540 km/h,Rapid charging possible,All Wheel Drive,Type 2 CCS,Liftback,0,5,149000,Economic
Aiways ,U5 ,9.0,150.0,335.0,188 Wh/km,350 km/h,Rapid charging possible,Front Wheel Drive,Type 2 CCS,SUV,2,5,36057,Versatile
Audi ,e-tron 55 quattro,5.7,200.0,365.0,237 Wh/km,590 km/h,Rapid charging possible,All Wheel Drive,Type 2 CCS,SUV,0,5,79445,Economic
Tesla ,Roadster ,2.1,410.0,970.0,206 Wh/km,920 km/h,Rapid charging possible,All Wheel Drive,Type 2 CCS,Cabrio,1,4,215000,Performance
Opel ,Mokka-e ,8.5,150.0,255.0,176 Wh/km,390 km/h,Rapid charging possible,Front Wheel Drive,Type 2 CCS,SUV,2,5,35000,Versatile
Skoda ,Enyaq iV 80,8.8,160.0,420.0,183 Wh/km,560 km/h,Rapid charging possible,Rear Wheel Drive,Type 2 CCS,SUV,0,5,40000,Economic
Tesla ,Model X Long Range,4.6,250.0,450.0,211 Wh/km,490 km/h,Rapid charging possible,All Wheel Drive,Type 2,SUV,1,7,85990,Performance
Honda ,e Advance,8.3,145.0,170.0,168 Wh/km,190 km/h,Rapid charging possible,Rear Wheel Drive,Type 2 CCS,Hatchback,2,4,35921,Versatile
DS ,3 Crossback E-Tense,8.7,150.0,250.0,180 Wh/km,380 km/h,Rapid charging possible,Front Wheel Drive,Type 2 CCS,SUV,2,5,37422,Versatile
Renault ,Twingo ZE,12.6,135.0,130.0,164 Wh/km,-,Rapid charging not possible,Rear Wheel Drive,Type 2,Hatchback,2,4,24790,Versatile
Citroen ,e-C4 ,9.7,150.0,250.0,180 Wh/km,380 km/h,Rapid charging possible,Front Wheel Drive,Type 2 CCS,SUV,2,5,40000,Versatile
Tesla ,Model S Performance,2.5,261.0,505.0,188 Wh/km,550 km/h,Rapid charging possible,All Wheel Drive,Type 2,Liftback,1,5,96990,Performance
Renault ,Zoe ZE40 R110,11.4,135.0,255.0,161 Wh/km,230 km/h,Rapid charging possible,Front Wheel Drive,Type 2 CCS,Hatchback,2,5,29234,Versatile
Tesla ,Model Y Long Range Performance,3.7,241.0,410.0,177 Wh/km,900 km/h,Rapid charging possible,All Wheel Drive,Type 2 CCS,SUV,1,7,65620,Performance
Nissan ,Ariya 87kWh,7.6,160.0,440.0,198 Wh/km,520 km/h,Rapid charging possible,Front Wheel Drive,Type 2 CCS,Hatchback,0,5,50000,Economic
Jaguar ,I-Pace ,4.8,200.0,365.0,232 Wh/km,340 km/h,Rapid charging possible,All Wheel Drive,Type 2 CCS,SUV,0,5,75351,Economic
Ford ,Mustang Mach-E ER RWD,7.0,180.0,450.0,200 Wh/km,430 km/h,Rapid charging possible,Rear Wheel Drive,Type 2 CCS,SUV,0,5,54475,Economic
Porsche ,Taycan 4S Plus,4.0,250.0,425.0,197 Wh/km,890 km/h,Rapid charging possible,All Wheel Drive,Type 2 CCS,Sedan,1,4,109302,Performance
Nissan ,e-NV200 Evalia ,14.0,123.0,190.0,200 Wh/km,190 km/h,Rapid charging possible,Front Wheel Drive,Type 1 CHAdeMO,SPV,2,7,33246,Versatile
Tesla ,Cybertruck Dual Motor,5.0,190.0,460.0,261 Wh/km,710 km/h,Rapid charging possible,All Wheel Drive,Type 2 CCS,Pickup,0,6,55000,Economic
Renault ,Kangoo Maxi ZE 33,22.4,130.0,160.0,194 Wh/km,-,Rapid charging not possible,Front Wheel Drive,Type 2,SPV,2,5,38000,Versatile
Ford ,Mustang Mach-E ER AWD,6.0,180.0,430.0,209 Wh/km,410 km/h,Rapid charging possible,All Wheel Drive,Type 2 CCS,SUV,0,5,62900,Economic
BMW ,i3s 120 Ah,6.9,160.0,230.0,165 Wh/km,260 km/h,Rapid charging possible,Rear Wheel Drive,Type 2 CCS,Hatchback,2,4,41526,Versatile
Skoda ,Enyaq iV 80X,7.0,160.0,400.0,193 Wh/km,540 km/h,Rapid charging possible,All Wheel Drive,Type 2 CCS,SUV,0,5,45000,Economic
Porsche ,Taycan Cross Turismo ,3.5,250.0,385.0,217 Wh/km,770 km/h,Rapid charging possible,All Wheel Drive,Type 2 CCS,Station,1,4,150000,Performance
Byton ,M-Byte 95 kWh 4WD,5.5,190.0,390.0,244 Wh/km,460 km/h,Rapid charging possible,All Wheel Drive,Type 2 CCS,SUV,0,5,64000,Economic
Sono ,Sion ,9.0,140.0,225.0,156 Wh/km,270 km/h,Rapid charging possible,Front Wheel Drive,Type 2 CCS,Hatchback,2,5,25500,Versatile
Kia ,e-Niro 39 kWh,9.8,155.0,235.0,167 Wh/km,230 km/h,Rapid charging possible,Front Wheel Drive,Type 2 CCS,SUV,2,5,34400,Versatile
Audi ,Q4 Sportback e-tron ,6.3,180.0,410.0,188 Wh/km,550 km/h,Rapid charging possible,All Wheel Drive,Type 2 CCS,SUV,0,5,57500,Economic
Smart ,EQ forfour ,12.7,130.0,95.0,176 Wh/km,-,Rapid charging not possible,Rear Wheel Drive,Type 2,Hatchback,2,4,22030,Versatile
Ford ,Mustang Mach-E SR AWD,6.0,180.0,340.0,206 Wh/km,360 km/h,Rapid charging possible,All Wheel Drive,Type 2 CCS,SUV,0,5,54000,Economic
Porsche ,Taycan Turbo,3.2,260.0,390.0,215 Wh/km,810 km/h,Rapid charging possible,All Wheel Drive,Type 2 CCS,Sedan,1,4,148301,Performance
Volkswagen ,ID.3 1st,7.3,160.0,340.0,171 Wh/km,470 km/h,Rapid charging possible,Rear Wheel Drive,Type 2 CCS,Hatchback,0,5,38987,Economic
Tesla ,Model X Performance,2.8,250.0,440.0,216 Wh/km,480 km/h,Rapid charging possible,All Wheel Drive,Type 2,SUV,1,7,102990,Performance
Smart ,EQ fortwo coupe,11.6,130.0,100.0,167 Wh/km,-,Rapid charging not possible,Rear Wheel Drive,Type 2,Hatchback,2,2,21387,Versatile
Ford ,Mustang Mach-E SR RWD,6.6,180.0,360.0,194 Wh/km,380 km/h,Rapid charging possible,Rear Wheel Drive,Type 2 CCS,SUV,0,5,46900,Economic
Mercedes ,EQV 300 Long,10.0,140.0,330.0,273 Wh/km,290 km/h,Rapid charging possible,Front Wheel Drive,Type 2 CCS,SPV,2,7,70631,Versatile
Fiat ,500e Hatchback,9.0,150.0,250.0,168 Wh/km,330 km/h,Rapid charging possible,Front Wheel Drive,Type 2 CCS,Hatchback,2,4,34900,Versatile
Tesla ,Cybertruck Single Motor,7.0,180.0,390.0,256 Wh/km,740 km/h,Rapid charging possible,Rear Wheel Drive,Type 2 CCS,Pickup,0,6,45000,Economic
Audi ,e-tron Sportback 50 quattro,6.8,190.0,295.0,219 Wh/km,470 km/h,Rapid charging possible,All Wheel Drive,Type 2 CCS,SUV,0,5,69551,Economic
Skoda ,Enyaq iV vRS,6.2,180.0,400.0,193 Wh/km,540 km/h,Rapid charging possible,All Wheel Drive,Type 2 CCS,SUV,0,5,47500,Economic
Skoda ,Enyaq iV 60,9.0,160.0,320.0,181 Wh/km,440 km/h,Rapid charging possible,Rear Wheel Drive,Type 2 CCS,SUV,2,5,37500,Versatile
Audi ,e-tron S 55 quattro,4.5,210.0,320.0,270 Wh/km,510 km/h,Rapid charging possible,All Wheel Drive,Type 2 CCS,SUV,0,5,93800,Economic
Smart ,EQ fortwo cabrio,11.9,130.0,95.0,176 Wh/km,-,Rapid charging not possible,Rear Wheel Drive,Type 2,Cabrio,2,2,24565,Versatile
Kia ,e-Soul 64 kWh,7.9,167.0,365.0,175 Wh/km,320 km/h,Rapid charging possible,Front Wheel Drive,Type 2 CCS,SUV,0,5,36837,Economic
Nissan ,Ariya e-4ORCE 87kWh,5.7,200.0,420.0,207 Wh/km,500 km/h,Rapid charging possible,All Wheel Drive,Type 2 CCS,Hatchback,0,5,57500,Economic
Fiat ,500e Convertible,9.0,150.0,250.0,168 Wh/km,330 km/h,Rapid charging possible,Front Wheel Drive,Type 2 CCS,Cabrio,2,4,37900,Versatile
Volkswagen ,ID.3 Pro Performance,7.3,160.0,340.0,171 Wh/km,470 km/h,Rapid charging possible,Rear Wheel Drive,Type 2 CCS,Hatchback,0,5,35575,Economic
Kia ,e-Soul 39 kWh,9.9,157.0,230.0,170 Wh/km,220 km/h,Rapid charging possible,Front Wheel Drive,Type 2 CCS,SUV,2,5,33133,Versatile
Byton ,M-Byte 72 kWh 2WD,7.5,190.0,325.0,222 Wh/km,420 km/h,Rapid charging possible,Rear Wheel Drive,Type 2 CCS,SUV,0,5,53500,Economic
Nissan ,Ariya 63kWh,7.5,160.0,330.0,191 Wh/km,440 km/h,Rapid charging possible,Front Wheel Drive,Type 2 CCS,Hatchback,0,5,45000,Economic
Audi ,e-tron S Sportback 55 quattro,4.5,210.0,335.0,258 Wh/km,540 km/h,Rapid charging possible,All Wheel Drive,Type 2 CCS,SUV,0,5,96050,Economic
Nissan ,Ariya e-4ORCE 63kWh,5.9,200.0,325.0,194 Wh/km,440 km/h,Rapid charging possible,All Wheel Drive,Type 2 CCS,Hatchback,0,5,50000,Economic
Nissan ,Ariya e-4ORCE 87kWh Performance,5.1,200.0,375.0,232 Wh/km,450 km/h,Rapid charging possible,All Wheel Drive,Type 2 CCS,Hatchback,0,5,65000,Economic
Byton ,M-Byte 95 kWh 2WD,7.5,190.0,400.0,238 Wh/km,480 km/h,Rapid charging possible,All Wheel Drive,Type 2 CCS,SUV,0,5,62000,Economic
